,EGFR,MEK1,ERK1,GSK3,CREB1,BioAkt,PRAS40,P70S6K,RS6
EGFR,-1.0,-0.0,-0.08458228550695746,0.9425707988502807,-0.0,-0.0,-0.0,-0.0,-0.0
MEK1,1.0178735063356743,-1.0,-0.0,-0.0,-0.0,-0.0,-0.0,-0.0,-0.0
ERK1,-0.0,1.3506280339481749,-1.0,-0.0,-0.0,-0.0,-0.0,-0.0,-0.0
GSK3,-0.0,-0.0,0.2833352794428105,-1.0,-0.0,0.05622145680803347,-0.0,-0.0,-0.0
CREB1,-0.0,-0.0,0.1919177215458927,-0.0,-1.0,-0.0,-0.0,-0.0,-0.0
BioAkt,4.065183942305598,-0.0,-0.0,-2.2535764623928247,-0.0,-1.0,0.749066627677731,-0.0,-1.2813912312317708
PRAS40,-0.0,-0.0,-0.0,-0.0,-0.0,0.11768393556543874,-1.0,-0.0,0.8523444880616995
P70S6K,-0.0,-0.0,-0.0,-0.0,-0.0,-0.0,0.6580289730626113,-1.0,-0.0
RS6,-0.0,-0.0,0.0319264651501725,-0.0,-0.0,-0.0,-0.0,0.7100120656129135,-1.0
