Inhibitor	IC50	IC90	NormalizedIC50
AKTi	1.0	5.0	0.2
EGFRi	0.3	1.0	0.3
ERKi	0.02	0.4	0.049999999999999996
GSK3i	2.0	5.0	0.4
IGF1Ri	3.0	10.0	0.3
MEKi	0.002	0.02	0.1
PI3Ki	1.0	2.0	0.5
mTORi	0.01	0.3	0.03333333333333333
