Cell	term	estimate	std.error	statistic	p.value
WT	KM_ERK1	0.7930688514588151	0.16336021363762515	4.8547246223492655	3.798304346580986e-5
WT	KM_BioAkt	6.032502076881507	2.177236169812944	2.7707155339973	0.009659918719516075
PI3K	KM_ERK1	0.9768651304096702	0.22767411370380863	4.290628892841623	1.808094550461635e-4
PI3K	KM_BioAkt	4.532930265947623	1.9770194981181957	2.2928100963405993	0.029301235451368007
